{
  "clientes": [
    {
      "dni": "11111111H",
      "nombre": "Dolores",
      "apellido": "Ruiz Salero",
      "email": "alfredo@mail.com",
      "id": "7"
    },
    {
      "dni": "Y2345678Z",
      "nombre": "Jasmina Ds",
      "apellido": "Salam Alí",
      "email": "jasmina@micorreo.fr",
      "id": "8"
    }
  ],
  "productos": [
    {
      "nombre": "Jabón",
      "departamento": "DROGUERÍA",
      "precio": "1.12",
      "id": "d876"
    },
    {
      "nombre": "Cola Cao",
      "departamento": "ALIMENTACIÓN",
      "precio": "4.5",
      "id": "d876"
    },
    {
      "nombre": "Calcetines",
      "departamento": "ROPA",
      "precio": "3.5",
      "id": "4dee"
    },
    {
      "nombre": "Colonia",
      "departamento": "ALIMENTACION",
      "precio": 4.5,
      "id": "5d47"
    }
  ]
}